{
    "stun": {
    "category": "master",
    "sounds": [
    "stun"
  ],
    "subtitle": "subtitles.custom.stun"
  },

    "sk_alarm_gitm": {
    "category": "master",
    "sounds": [
    "sk_alarm_gitm"
  ],
    "subtitle": "subtitles.custom.sk_alarm_gitm"
  },

    "sk_alarm_rt": {
    "category": "master",
    "sounds": [
    "sk_alarm_rt"
  ],
    "subtitle": "subtitles.custom.sk_alarm_rt"
  },

    "sk_alarm_munition": {
    "category": "master",
    "sounds": [
    "sk_alarm_munition"
  ],
    "subtitle": "subtitles.custom.sk_alarm_munition"
  },

    "ost_menu": {
    "category": "master",
    "sounds": [
    "ost_menu"
  ],
    "subtitle": "subtitles.custom.ost_menu"
  }
}