{
    "stun": {
    "category": "master",
    "sounds": [
    "stun"
  ],
    "subtitle": "subtitles.custom.stun"
  },

    "sk_alarm_gitm": {
    "category": "master",
    "sounds": [
    "sk_alarm_gitm"
  ],
    "subtitle": "subtitles.custom.sk_alarm_gitm"
  },

    "sk_alarm_rt": {
    "category": "master",
    "sounds": [
    "sk_alarm_rt"
  ],
    "subtitle": "subtitles.custom.sk_alarm_rt"
  },

    "sk_alarm_munition": {
    "category": "master",
    "sounds": [
    "sk_alarm_munition"
  ],
    "subtitle": "subtitles.custom.sk_alarm_munition"
  },

    "ost_menu": {
    "category": "master",
    "sounds": [
    "ost_menu"
  ],
    "subtitle": "subtitles.custom.ost_menu"
  },
   "metalroar": {
    "category": "master",
    "sounds": [
    "metallicroaring"
  ],
    "subtitle": "subtitles.custom.metalroar"
  },
   "metalwail": {
    "category": "master",
    "sounds": [
    "metallicwailing"
  ],
    "subtitle": "subtitles.custom.metalwail"
  },
   "metalgroan": {
    "category": "master",
    "sounds": [
    "metallicgroaning"
  ],
    "subtitle": "subtitles.custom.metalgroan"
  },
   "machine_poweron_01": {
    "category": "master",
    "sounds": [
    "machine_poweron_01"
  ],
    "subtitle": "subtitles.custom.machine_poweron_01"
  },
 "machine_poweron_02": {
    "category": "master",
    "sounds": [
    "machine_poweron_02"
  ],
    "subtitle": "subtitles.custom.machine_poweron_02"
  },
 "machine_poweron_03": {
    "category": "master",
    "sounds": [
    "machine_poweron_03"
  ],
    "subtitle": "subtitles.custom.machine_poweron_03"
  },
 "machine_poweron_04": {
    "category": "master",
    "sounds": [
    "machine_poweron_04"
  ],
    "subtitle": "subtitles.custom.machine_poweron_04"
  },
 "machine_poweron_05": {
    "category": "master",
    "sounds": [
    "machine_poweron_05"
  ],
    "subtitle": "subtitles.custom.machine_poweron_05"
  },
"thunderstrike": {
    "category": "master",
    "sounds": [
    "thundermace"
  ],
    "subtitle": "subtitles.custom.thunderstrike"
  },
"gunfire": {
    "category": "master",
    "sounds": [
    "gunfiregeneric"
  ],
    "subtitle": "subtitles.custom.gunfire"
  },
"explosion_custom": {
    "category": "master",
    "sounds": [
    "explosiongeneric"
  ],
    "subtitle": "subtitles.custom.explosion_custom"
  },
   "machine_poweroff_01": {
    "category": "master",
    "sounds": [
    "machine_poweroff_01"
  ],
    "subtitle": "subtitles.custom.machine_poweroff_01"
  },
 "machine_poweroff_02": {
    "category": "master",
    "sounds": [
    "machine_poweroff_02"
  ],
    "subtitle": "subtitles.custom.machine_poweroff_02"
  },
 "machine_poweroff_03": {
    "category": "master",
    "sounds": [
    "machine_poweroff_03"
  ],
    "subtitle": "subtitles.custom.machine_poweroff_03"
  },
 "machine_poweroff_04": {
    "category": "master",
    "sounds": [
    "machine_poweroff_04"
  ],
    "subtitle": "subtitles.custom.machine_poweroff_04"
  },
 "machine_poweroff_05": {
    "category": "master",
    "sounds": [
    "machine_poweroff_05"
  ],
    "subtitle": "subtitles.custom.machine_poweroff_05"
  },
 "fire_start": {
    "category": "master",
    "sounds": [
    "fire_start"
  ],
    "subtitle": "subtitles.custom.fire_start"
  },
 "fire_sustain": {
    "category": "master",
    "sounds": [
    "fire_sustain"
  ],
    "subtitle": "subtitles.custom.fire_sustain"
  },
 "ricochet_01": {
    "category": "master",
    "sounds": [
    "ricochet_02"
  ],
    "subtitle": "subtitles.custom.ricochet_01"
  },
 "ricochet_02": {
    "category": "master",
    "sounds": [
    "ricochet_03"
  ],
    "subtitle": "subtitles.custom.ricochet_02"
  },
 "ricochet_03": {
    "category": "master",
    "sounds": [
    "ricochet_05"
  ],
    "subtitle": "subtitles.custom.ricochet_03"
  }
}